{
  "num_states": 4,
  "states": [
    {
      "id": 3,
      "histories": [
        "000",
        "0000",
        "0100",
        "100",
        "1000",
        "1100"
      ],
      "distribution_vector": [
        0.1876659393310547,
        0.8123340606689453
      ],
      "weight": 22,
      "transitions": {
        "0": 3,
        "1": 6
      }
    },
    {
      "id": 4,
      "histories": [
        "0010",
        "010",
        "0110",
        "1010",
        "110",
        "1110"
      ],
      "distribution_vector": [
        0.4389224648475647,
        0.5610775351524353
      ],
      "weight": 22,
      "transitions": {
        "0": 3,
        "1": 6
      }
    },
    {
      "id": 5,
      "histories": [
        "0011",
        "011",
        "0111",
        "1011",
        "111",
        "1111"
      ],
      "distribution_vector": [
        0.9359719976782799,
        0.06402800232172012
      ],
      "weight": 22,
      "transitions": {
        "0": 4,
        "1": 5
      }
    },
    {
      "id": 6,
      "histories": [
        "0001",
        "001",
        "0101",
        "1001",
        "101",
        "1101"
      ],
      "distribution_vector": [
        0.4773868918418884,
        0.5226131081581116
      ],
      "weight": 22,
      "transitions": {
        "0": 4,
        "1": 5
      }
    }
  ],
  "config": {
    "data": "/home/matteo/NeuralCSSR/experiments/datasets/seven_state_human/seven_state_human.dat",
    "backend": "neural",
    "L_max": 4,
    "alpha": 0.001,
    "test_method": "js",
    "device": "cuda",
    "pseudo_count_scale": 50.0,
    "cap_marginal_counts": true,
    "pseudo_count_mode": "parent_marginal",
    "context_window_used": 32,
    "temperature": 1.0,
    "prob_clip": 1e-06,
    "mix_empirical": 0.0,
    "probe_layer": "final",
    "head_ckpt": null,
    "model_ckpt": "/home/matteo/NeuralCSSR/nanoGPT/out-seven-state-char/ckpt.pt",
    "platt_json": null,
    "platt_params": {
      "a": 0.9336731106857719,
      "b": 0.005316489740846706
    }
  },
  "metrics": {
    "wmse_neural_vs_empirical": 7.062651627025539e-05,
    "wmse_neural_vs_gt": 7.327699447402239e-05,
    "wmse_empirical_vs_gt": 9.026472271008658e-07
  }
}