{
  "num_states": 4,
  "states": [
    {
      "id": 3,
      "histories": [
        "0000000",
        "00000000",
        "00000100",
        "0000100",
        "00001000",
        "00001100",
        "0001000",
        "00010000",
        "00010100",
        "0001100",
        "00011000",
        "00011100",
        "0010000",
        "00100000",
        "00100100",
        "0010100",
        "00101000",
        "00101100",
        "0011000",
        "00110000",
        "00110100",
        "0011100",
        "00111000",
        "00111100",
        "0100000",
        "01000000",
        "01000100",
        "0100100",
        "01001000",
        "01001100",
        "0101000",
        "01010000",
        "01010100",
        "0101100",
        "01011000",
        "01011100",
        "0110000",
        "01100000",
        "01100100",
        "0110100",
        "01101000",
        "01101100",
        "0111000",
        "01110000",
        "01110100",
        "0111100",
        "01111000",
        "01111100",
        "1000000",
        "10000000",
        "10000100",
        "1000100",
        "10001000",
        "10001100",
        "1001000",
        "10010000",
        "10010100",
        "1001100",
        "10011000",
        "10011100",
        "1010000",
        "10100000",
        "10100100",
        "1010100",
        "10101000",
        "10101100",
        "1011000",
        "10110000",
        "10110100",
        "1011100",
        "10111000",
        "10111100",
        "1100000",
        "11000000",
        "11000100",
        "1100100",
        "11001000",
        "11001100",
        "1101000",
        "11010000",
        "11010100",
        "1101100",
        "11011000",
        "11011100",
        "1110000",
        "11100000",
        "11100100",
        "1110100",
        "11101000",
        "11101100",
        "1111000",
        "11110000",
        "11110100",
        "1111100",
        "11111000",
        "11111100"
      ],
      "distribution_vector": [
        0.18611985445022583,
        0.8138801455497742
      ],
      "weight": 736,
      "transitions": {
        "0": 3,
        "1": 6
      }
    },
    {
      "id": 4,
      "histories": [
        "00000010",
        "0000010",
        "00000110",
        "00001010",
        "0000110",
        "00001110",
        "00010010",
        "0001010",
        "00010110",
        "00011010",
        "0001110",
        "00011110",
        "00100010",
        "0010010",
        "00100110",
        "00101010",
        "0010110",
        "00101110",
        "00110010",
        "0011010",
        "00110110",
        "00111010",
        "0011110",
        "00111110",
        "01000010",
        "0100010",
        "01000110",
        "01001010",
        "0100110",
        "01001110",
        "01010010",
        "0101010",
        "01010110",
        "01011010",
        "0101110",
        "01011110",
        "01100010",
        "0110010",
        "01100110",
        "01101010",
        "0110110",
        "01101110",
        "01110010",
        "0111010",
        "01110110",
        "01111010",
        "0111110",
        "10000010",
        "1000010",
        "10000110",
        "10001010",
        "1000110",
        "10001110",
        "10010010",
        "1001010",
        "10010110",
        "10011010",
        "1001110",
        "10011110",
        "10100010",
        "1010010",
        "10100110",
        "10101010",
        "1010110",
        "10101110",
        "10110010",
        "1011010",
        "10110110",
        "10111010",
        "1011110",
        "10111110",
        "11000010",
        "1100010",
        "11000110",
        "11001010",
        "1100110",
        "11001110",
        "11010010",
        "1101010",
        "11010110",
        "11011010",
        "1101110",
        "11011110",
        "11100010",
        "1110010",
        "11100110",
        "11101010",
        "1110110",
        "11101110",
        "11110010",
        "1111010",
        "11110110",
        "11111010",
        "1111110",
        "11111110"
      ],
      "distribution_vector": [
        0.4354863166809082,
        0.5645136833190918
      ],
      "weight": 728,
      "transitions": {
        "0": 3,
        "1": 6
      }
    },
    {
      "id": 5,
      "histories": [
        "00000011",
        "0000011",
        "00000111",
        "00001011",
        "0000111",
        "00001111",
        "00010011",
        "0001011",
        "00010111",
        "00011011",
        "0001111",
        "00011111",
        "00100011",
        "0010011",
        "00100111",
        "00101011",
        "0010111",
        "00101111",
        "00110011",
        "0011011",
        "00110111",
        "00111011",
        "0011111",
        "00111111",
        "01000011",
        "0100011",
        "01000111",
        "01001011",
        "0100111",
        "01001111",
        "01010011",
        "0101011",
        "01010111",
        "01011011",
        "0101111",
        "01011111",
        "01100011",
        "0110011",
        "01100111",
        "01101011",
        "0110111",
        "01101111",
        "01110011",
        "0111011",
        "01110111",
        "01111011",
        "0111111",
        "01111111",
        "10000011",
        "1000011",
        "10000111",
        "10001011",
        "1000111",
        "10001111",
        "10010011",
        "1001011",
        "10010111",
        "10011011",
        "1001111",
        "10011111",
        "10100011",
        "1010011",
        "10100111",
        "10101011",
        "1010111",
        "10101111",
        "10110011",
        "1011011",
        "10110111",
        "10111011",
        "1011111",
        "11000011",
        "1100011",
        "11000111",
        "11001011",
        "1100111",
        "11001111",
        "11010011",
        "1101011",
        "11010111",
        "11011011",
        "1101111",
        "11011111",
        "11100011",
        "1110011",
        "11100111",
        "11101011",
        "1110111",
        "11101111",
        "11110011",
        "1111011",
        "11110111",
        "11111011",
        "1111111"
      ],
      "distribution_vector": [
        0.936667762696743,
        0.06333223730325699
      ],
      "weight": 720,
      "transitions": {
        "0": 4,
        "1": 5
      }
    },
    {
      "id": 6,