{
  "num_states": 4,
  "states": [
    {
      "id": 0,
      "histories": [
        "000010",
        "00010",
        "000110",
        "001010",
        "00110",
        "001110",
        "010010",
        "01010",
        "010110",
        "011010",
        "01110",
        "011110",
        "100010",
        "10010",
        "100110",
        "101010",
        "10110",
        "101110",
        "110010",
        "11010",
        "110110",
        "111010",
        "11110",
        "111110"
      ],
      "distribution_vector": [
        0.4367526173591614,
        0.5632473826408386
      ],
      "weight": 136,
      "transitions": {
        "0": 2,
        "1": 1
      }
    },
    {
      "id": 1,
      "histories": [
        "000001",
        "00001",
        "000101",
        "001001",
        "00101",
        "001101",
        "010001",
        "01001",
        "010101",
        "011001",
        "01101",
        "011101",
        "100001",
        "10001",
        "100101",
        "101001",
        "10101",
        "101101",
        "110001",
        "11001",
        "110101",
        "111001",
        "11101",
        "111101"
      ],
      "distribution_vector": [
        0.4690244197845459,
        0.5309755802154541
      ],
      "weight": 136,
      "transitions": {
        "0": 0,
        "1": 3
      }
    },
    {
      "id": 2,
      "histories": [
        "00000",
        "000000",
        "000100",
        "00100",
        "001000",
        "001100",
        "01000",
        "010000",
        "010100",
        "01100",
        "011000",
        "011100",
        "10000",
        "100000",
        "100100",
        "10100",
        "101000",
        "101100",
        "11000",
        "110000",
        "110100",
        "11100",
        "111000",
        "111100"
      ],
      "distribution_vector": [
        0.18772459030151367,
        0.8122754096984863
      ],
      "weight": 136,
      "transitions": {
        "0": 2,
        "1": 1
      }
    },
    {
      "id": 3,
      "histories": [
        "000011",
        "00011",
        "000111",
        "001011",
        "00111",
        "001111",
        "010011",
        "01011",
        "010111",
        "011011",
        "01111",
        "011111",
        "100011",
        "10011",
        "100111",
        "101011",
        "10111",
        "101111",
        "110011",
        "11011",
        "110111",
        "111011",
        "11111",
        "111111"
      ],
      "distribution_vector": [
        0.9362641349434853,
        0.06373586505651474
      ],
      "weight": 136,
      "transitions": {
        "0": 0,
        "1": 3
      }
    }
  ],
  "config": {
    "data": "/home/matteo/NeuralCSSR/experiments/datasets/seven_state_human/seven_state_human.dat",
    "backend": "neural",
    "L_max": 6,
    "alpha": 0.02,
    "test_method": "js",
    "device": "cuda",
    "pseudo_count_scale": 50.0,
    "cap_marginal_counts": true,
    "pseudo_count_mode": "parent_marginal",
    "context_window_used": 32,
    "temperature": 1.0,
    "prob_clip": 1e-06,
    "mix_empirical": 0.0,
    "probe_layer": "final",
    "head_ckpt": null,
    "model_ckpt": "/home/matteo/NeuralCSSR/nanoGPT/out-seven-state-char/ckpt.pt",
    "platt_json": null,
    "platt_params": {
      "a": 0.9370761010345594,
      "b": 0.0031878546921434497
    }
  },
  "metrics": {
    "wmse_neural_vs_empirical": 0.00010724005913507143,
    "wmse_neural_vs_gt": 0.00010976511156098632,
    "wmse_empirical_vs_gt": 3.8137964481039966e-06
  }
}