{
  "meta": {
    "L": 4,
    "k": 6,
    "distance": "js",
    "tau": 0.03
  },
  "num_states": 4,
  "states": [
    {
      "id": 0,
      "histories": [
        "0000",
        "0100",
        "1000",
        "1100"
      ],
      "centroid": [
        2.7316364543256022e-05,
        0.0001273332780637353,
        0.0003280042970609556,
        0.00040858012480884205,
        0.0008529777750936295,
        0.0011174818787707643,
        0.0022985606465534686,
        0.00013056886220005057,
        0.0008632701216993098,
        0.004057846949448863,
        0.0029487555267390933,
        0.0035445535251539123,
        0.005538351071716002,
        0.007297452545097179,
        0.0006904684225869921,
        3.9115897737537094e-05,
        0.0008494785721803195,
        0.00399721954563763,
        0.010420840271432471,
        0.012507667101558925,
        0.0073242195373824995,
        0.009570814085896329,
        0.018721082898908503,
        0.0010552462270123466,
        0.0054745126945692476,
        0.026024328169303456,
        0.01928964855013139,
        0.022629505257485277,
        0.0016774224478197008,
        0.002211762579222879,
        0.00020809910914697927,
        1.1733819895895733e-05,
        0.0008576412157119742,
        0.004018337801835954,
        0.010444916604894222,
        0.01255645746507653,
        0.02706142683300429,
        0.03531831585310677,
        0.06925462000477306,
        0.0038984040565593733,
        0.007740642637520296,
        0.03637710296328614,
        0.026971658428683157,
        0.030485898552123036,
        0.04618993783667093,
        0.060546329580152713,
        0.00568070442033294,
        0.0003196218781111777,
        0.00551306612698447,
        0.026246195897795345,
        0.06956041420111488,
        0.08154252173008542,
        0.049536251107844,
        0.06487254613346338,
        0.12202512762062868,
        0.006871352692891634,
        0.00167077102903078,
        0.00804784485770953,
        0.006038270547741564,
        0.006851164161432898,
        0.0005144577017985176,
        0.0006768648136988107,
        6.336500109728619e-05,
        3.552089982792494e-06
      ]
    },
    {
      "id": 1,
      "histories": [
        "0001",
        "0101",
        "1001",
        "1101"
      ],
      "centroid": [
        0.00019520119590846124,
        0.0009144796898498527,
        0.002367122397666588,
        0.0028493018651019205,
        0.006125364314709373,
        0.00799341246778598,
        0.015743686649746902,
        0.0008863651878064542,
        0.00627391362017307,
        0.02946596578460301,
        0.021868835291779805,
        0.0248239300081972,
        0.03765328699073317,
        0.04939073568846568,
        0.004622167855276785,
        0.0002600194165778984,
        0.0017789561363751806,
        0.008365400663777743,
        0.022162964719852827,
        0.02506224326599002,
        0.015665359715777323,
        0.02012772986839613,
        0.036239002003005505,
        0.0020714107452652016,
        0.01013546665632109,
        0.04818712105781238,
        0.036849688110682184,
        0.03987181939501426,
        0.0031504891528329002,
        0.004115866368844707,
        0.00038733773615013377,
        2.1942276936820367e-05,
        0.0010987537133344194,
        0.005177792413512588,
        0.013519186429216247,
        0.015983457199316885,
        0.035151656075612346,
        0.046047684661548974,
        0.0877710091030052,
        0.004940021659052671,
        0.010091197191518589,
        0.047772983756295295,
        0.03635112964628692,
        0.039694170559807056,
        0.0586365181000988,
        0.0765994623408096,
        0.007194126034985314,
        0.0004062958696064965,
        0.00034045687960751535,
        0.001631978713714672,
        0.004383034430724049,
        0.005012430172231212,
        0.0031485774313739206,
        0.004106164881622186,
        0.007413465094351644,
        0.00041950397287231894,
        0.00010334695053030652,
        0.0005014307431911212,
        0.00038186906023523934,
        0.0004173559040908312,
        3.212398920134287e-05,
        4.208417331529441e-05,
        3.926576240227921e-06,
        2.1997527417530088e-07
      ]
    },
    {
      "id": 2,
      "histories": [
        "0010",
        "0110",
        "1010",
        "1110"
      ],
      "centroid": [
        6.797279863356034e-05,
        0.00032115753154217147,
        0.0008348402101592803,
        0.001020035997940818,
        0.002146861730004371,
        0.002816287927073671,
        0.005638176125024689,
        0.00031802441173896717,
        0.0021913711030500443,
        0.01041588302872128,
        0.007667402545756564,
        0.008914341527586429,
        0.013776424238913537,
        0.018119953543439343,
        0.0016991670399400844,
        9.550821226928922e-05,
        0.00220199907470839,
        0.010479705574347901,
        0.02781043177178251,
        0.03227252791533224,
        0.019643675619951388,
        0.02555993706312766,
        0.04750021413671575,
        0.0026881222904782598,
        0.013449248837382816,
        0.0648717749346096,
        0.04881117203355577,
        0.05460552079737181,
        0.0041518606428664045,
        0.0054513785341638345,
        0.0005092201561131559,
        2.8537399202524266e-05,
        0.0006183257060202742,
        0.002935085332575793,
        0.0077788822954061865,
        0.009036756129258198,
        0.02028160638612942,
        0.026380123231075026,
        0.04907240465370935,
        0.002770241185305911,
        0.005741039018984403,
        0.027249023119792777,
        0.020604075214468352,
        0.0217993543979103,
        0.03224279901576674,
        0.041795538866854616,
        0.003978709646324468,
        0.00022717257362310774,
        0.0035362981087228703,
        0.01706830270198431,
        0.04664881074975258,
        0.052151270961056734,
        0.03329632280688795,
        0.04307102009845975,
        0.07568842816550175,
        0.0043283568180296035,
        0.0010869420646227126,
        0.0053205255125517775,
        0.004063964137632486,
        0.004314580802010212,
        0.000343293842357349,
        0.0004476739150419401,
        4.197341256131657e-05,
        2.3643761176923015e-06
      ]
    },
    {
      "id": 3,
      "histories": [
        "0011",
        "0111",
        "1011",
        "1111"
      ],