{
  "meta": {
    "L": 4,
    "k": 4,
    "distance": "js",
    "tau": 0.001
  },
  "num_states": 4,
  "states": [
    {
      "id": 0,
      "histories": [
        "0000",
        "0100",
        "1000",
        "1100"
      ],
      "centroid": [
        0.000891234064476789,
        0.0043995891626179146,
        0.01141442612304118,
        0.013565387937137715,
        0.027775205490809342,
        0.03667136274919969,
        0.07341799467148938,
        0.004109017956085457,
        0.027877353087518687,
        0.13553276674744352,
        0.10157530258161263,
        0.11273659371526776,
        0.18286219795598013,
        0.24330527755482773,
        0.022608050595914773,
        0.0012582396065774076
      ]
    },
    {
      "id": 1,
      "histories": [
        "0001",
        "0101",
        "1001",
        "1101"
      ],
      "centroid": [
        0.006326105148526823,
        0.03074882862004871,
        0.08243264470475309,
        0.09192620995105355,
        0.05736956478599578,
        0.07410350233244416,
        0.13504409521982993,
        0.007675635534764559,
        0.035779189755380136,
        0.17391037149921917,
        0.13390948115390786,
        0.1428364023455002,
        0.011367900196277446,
        0.015087711380220071,
        0.0014040026580474983,
        7.835471403104046e-05
      ]
    },
    {
      "id": 2,
      "histories": [
        "0010",
        "0110",
        "1010",
        "1110"
      ],
      "centroid": [
        0.0022440065382758295,
        0.010919350193841697,
        0.029188998205114308,
        0.03369105303456225,
        0.07276466433617104,
        0.09539194911027304,
        0.18173771660291999,
        0.010140996732345921,
        0.02036904946326045,
        0.0985043754562197,
        0.07539349175115584,
        0.07824422010256893,
        0.11940468252151648,
        0.15638412788887904,
        0.014786012516817186,
        0.0008353055460782981
      ]
    },
    {
      "id": 3,
      "histories": [
        "0011",
        "0111",
        "1011",
        "1111"
      ],
      "centroid": [
        0.011910833774226444,
        0.058410640037367276,
        0.16127890700783842,
        0.17915230164453877,
        0.11231766285392647,
        0.14789722546248207,
        0.2614281507261519,
        0.014771409855354333,
        0.003624925570105713,
        0.017932472626190528,
        0.013863371834348527,
        0.014565248095839218,
        0.0011595054659780742,
        0.0015365417786912922,
        0.00014284024252105481,
        7.963024439958505e-06
      ]
    }
  ],
  "transitions": [
    {
      "from": 0,
      "symbol": 0,
      "to": 0
    },
    {
      "from": 0,
      "symbol": 1,
      "to": 1
    },
    {
      "from": 1,
      "symbol": 0,
      "to": 2
    },
    {
      "from": 1,
      "symbol": 1,
      "to": 3
    },
    {
      "from": 2,
      "symbol": 0,
      "to": 0
    },
    {
      "from": 2,
      "symbol": 1,
      "to": 1
    },
    {
      "from": 3,
      "symbol": 0,
      "to": 2
    },
    {
      "from": 3,
      "symbol": 1,
      "to": 3
    }
  ]
}