{
  "meta": {
    "L": 4,
    "k": 6,
    "distance": "hellinger",
    "tau": 0.12
  },
  "num_states": 3,
  "states": [
    {
      "id": 0,
      "histories": [
        "0000",
        "0010",
        "0100",
        "0110",
        "1000",
        "1010",
        "1100",
        "1110"
      ],
      "centroid": [
        5.4727624369652164e-05,
        0.00025790794488037965,
        0.0006668310286009025,
        0.000817680021077579,
        0.0017147385451568625,
        0.002250896750220383,
        0.004523725778443969,
        0.000255292715667841,
        0.0017455988019875214,
        0.008286947927231874,
        0.0061130625864218285,
        0.00713324032041929,
        0.011020279797243807,
        0.014491051418440284,
        0.0013595527275574244,
        7.642717823685689e-05,
        0.0017467287111116864,
        0.00830260392875714,
        0.021952688301591042,
        0.02556296868568011,
        0.015615310664826503,
        0.020324994785700837,
        0.03788085383635581,
        0.002139802257528586,
        0.010745298086019647,
        0.05174022685068699,
        0.03891422099334488,
        0.04367223440988356,
        0.0033034051564560813,
        0.004336424481380932,
        0.00040475231588738583,
        2.2656524411073483e-05,
        0.0007047502227435578,
        0.0033276095748689914,
        0.008737160713479585,
        0.010267959666265612,
        0.022722689900280386,
        0.029612118548758337,
        0.05594689717269112,
        0.0031506508427777474,
        0.006492568899644918,
        0.030705727381247105,
        0.023208193484685453,
        0.025000534943578134,
        0.037052929233941705,
        0.048202453305685206,
        0.0045596077530100955,
        0.0002588192474686143,
        0.004179368978388916,
        0.02005572796815658,
        0.05415999498873354,
        0.061467617773171904,
        0.038809618892425346,
        0.05039939175702131,
        0.09017854774704345,
        0.005123417651568977,
        0.0012734127366937546,
        0.006191719368840564,
        0.004712179003608445,
        0.005097050384830947,
        0.0003974056054119583,
        0.0005194488788581044,
        4.857056814352381e-05,
        2.7256503974686e-06
      ]
    },
    {
      "id": 1,
      "histories": [
        "0001",
        "0101",
        "1001",
        "1101"
      ],
      "centroid": [
        0.00019520119590846124,
        0.0009144796898498527,
        0.002367122397666588,
        0.0028493018651019205,
        0.006125364314709373,
        0.00799341246778598,
        0.015743686649746902,
        0.0008863651878064542,
        0.00627391362017307,
        0.02946596578460301,
        0.021868835291779805,
        0.0248239300081972,
        0.03765328699073317,
        0.04939073568846568,
        0.004622167855276785,
        0.0002600194165778984,
        0.0017789561363751806,
        0.008365400663777743,
        0.022162964719852827,
        0.02506224326599002,
        0.015665359715777323,
        0.02012772986839613,
        0.036239002003005505,
        0.0020714107452652016,
        0.01013546665632109,
        0.04818712105781238,
        0.036849688110682184,
        0.03987181939501426,
        0.0031504891528329002,
        0.004115866368844707,
        0.00038733773615013377,
        2.1942276936820367e-05,
        0.0010987537133344194,
        0.005177792413512588,
        0.013519186429216247,
        0.015983457199316885,
        0.035151656075612346,
        0.046047684661548974,
        0.0877710091030052,
        0.004940021659052671,
        0.010091197191518589,
        0.047772983756295295,
        0.03635112964628692,
        0.039694170559807056,
        0.0586365181000988,
        0.0765994623408096,
        0.007194126034985314,
        0.0004062958696064965,
        0.00034045687960751535,
        0.001631978713714672,
        0.004383034430724049,
        0.005012430172231212,
        0.0031485774313739206,
        0.004106164881622186,
        0.007413465094351644,
        0.00041950397287231894,
        0.00010334695053030652,
        0.0005014307431911212,
        0.00038186906023523934,
        0.0004173559040908312,
        3.212398920134287e-05,
        4.208417331529441e-05,
        3.926576240227921e-06,
        2.1997527417530088e-07
      ]
    },
    {
      "id": 2,
      "histories": [
        "0011",
        "0111",
        "1011",
        "1111"
      ],
      "centroid": [
        0.0003581742624875244,
        0.0017074334857104046,
        0.0044730064365372645,
        0.005372219589491252,
        0.011613325671386579,
        0.015296362521882365,
        0.029824612669382165,
        0.0016763391747161697,
        0.011967029670745656,
        0.057423745295040435,
        0.043297503311370736,
        0.04859062873068158,
        0.0733482288349977,
        0.09632022554342684,
        0.008980757562923216,
        0.000503089703191003,
        0.0033559605919999463,
        0.016130741328894818,
        0.043811334135052164,
        0.04901962679797954,
        0.031471185955713694,
        0.04077078581029143,
        0.0715577201375834,
        0.00409753355889356,
        0.01925508632835249,
        0.09385042302543636,
        0.07195320071939224,
        0.07636944065297083,
        0.006069649714362798,
        0.007918293679052342,
        0.0007416166710480683,
        4.1849790891126473e-05,
        0.00010788705038197028,
        0.0005184086536125453,
        0.001378101477196196,
        0.0016205283889150013,
        0.0036430418629882634,
        0.004783950461754635,
        0.009001247318784378,
        0.0005042329826632569,
        0.0010256366331555526,
        0.004963487311737005,
        0.0038069833444841056,
        0.004067264544971864,
        0.005983150148428911,
        0.007810623941183399,
        0.0007303497981833156,
        4.1124208043592175e-05,
        3.3469994699598237e-05,
        0.00016384408019246789,
        0.00045103961447623257,
        0.0005111517766097755,
        0.000322638624937217,
        0.00042051664426402923,
        0.0007510080400768084,
        4.237846941323733e-05,
        1.0328157748768289e-05,
        5.1356946667364996e-05,
        3.8994604111853125e-05,
        4.2160533993068354e-05,
        3.265739014458055e-06,
        4.270907340935592e-06,
        4.036712124982105e-07,
        2.2706872066646867e-08
      ]
    }
  ],
  "transitions": [
    {
      "from": 0,
      "symbol": 0,
      "to": 0
    },
    {
      "from": 0,
      "symbol": 1,
      "to": 1
    },
    {
      "from": 1,
      "symbol": 0,
      "to": 0
    },
    {
      "from": 1,
      "symbol": 1,
      "to": 2
    },
    {
      "from": 2,
      "symbol": 0,
      "to": 0
    },
    {
      "from": 2,
      "symbol": 1,
      "to": 2
    }
  ]
}