{
  "results": [
    {
      "layer": "0",
      "n_samples": 71999,
      "emb_dim": 16,
      "silhouette": 0.1578713357448578,
      "inter_centroid_dist": 3.141692876815796,
      "intra_avg_std": 0.37848320603370667,
      "inter_over_intra": 8.300745784044128,
      "participation_ratio": 1.0022199981790463
    },
    {
      "layer": "1",
      "n_samples": 71999,
      "emb_dim": 16,
      "silhouette": 0.15994977951049805,
      "inter_centroid_dist": 9.329070091247559,
      "intra_avg_std": 0.8581005334854126,
      "inter_over_intra": 10.871768198715552,
      "participation_ratio": 1.0003016809274619
    },
    {
      "layer": "final",
      "n_samples": 71999,
      "emb_dim": 16,
      "silhouette": 0.1584666669368744,
      "inter_centroid_dist": 3.604295015335083,
      "intra_avg_std": 0.41081222891807556,
      "inter_over_intra": 8.773582580118017,
      "participation_ratio": 1.000879008071047
    }
  ]
}