{
  "n_samples": 71999,
  "n_states": 2,
  "k": 2,
  "purity": 0.6680370560702232,
  "nmi": 0.27145303509717406,
  "v_measure": 0.27145303509717406
}